{"cameraMode":{"drawMode":0,"name":"Shaded","section":"Shading Mode"},"sceneLighting":false,"audioPlay":false,"sceneViewState":{"showFog":true,"showMaterialUpdate":false,"showSkybox":false,"showFlares":true,"showImageEffects":true,"showParticleSystems":true},"in2DMode":false,"pivot":{"x":2.4932608604431154,"y":-0.8999075889587402,"z":3.5897369384765627},"rotation":{"x":-0.02879798412322998,"y":0.023085633292794229,"z":-0.0006652817246504128,"w":-0.9993184208869934},"size":245.61756896972657,"orthographic":false}